Rk,Player,From,To,Yrs,GP,G,A,PTS,+/-,PIM,EV,PP,SH,GW,EV,PP,SH,S,S%,TOI,ATOI,ID
1,Keith Acton,1989,1993,5,303,45,72,117,-24,424,39,2,4,4,66,5,1,405,11.1,,,actonke01
2,Greg Adams,1981,1982,2,39,7,15,22,7,113,7,0,0,0,15,0,0,35,20,,,adamsgr01
3,Dmitry Afanasenkov,2007,2007,1,41,8,7,15,-19,12,8,0,0,0,7,0,0,65,12.3,481,11:44:00 AM,afanadm01
4,Jason Akeson,2013,2015,3,15,1,1,2,2,8,1,0,0,0,1,0,0,13,7.7,130,08:42:00 AM,akesoja01
5,Andrew Alberts,2009,2009,1,79,1,12,13,6,61,1,0,0,0,11,0,1,46,2.2,1248,03:48:00 PM,alberan01
6,Ray Allison,1982,1987,5,168,47,81,128,54,210,38,9,0,3,64,17,0,370,12.7,,,allisra01
7,Wade Allison,2021,2023,3,75,13,9,22,-3,40,12,1,0,3,9,0,0,115,11.3,963,12:50:00 PM,alliswa01
8,Mark Alt,2015,2018,2,9,0,0,0,-1,2,0,0,0,0,0,0,0,5,0,117,12:59:00 PM,altma01
9,Tony Amonte,2003,2004,2,93,27,41,68,25,40,21,5,1,5,21,20,0,210,12.9,1448,03:34:00 PM,amontto01
10,Shawn Anderson,1995,1995,1,1,0,0,0,0,0,0,0,0,0,0,0,0,0,,,,andersh01
11,Mikael Andersson,1999,2000,2,43,2,4,6,-1,0,1,0,1,0,4,0,0,49,4.1,468,10:53:00 AM,andermi01
12,Emil Andrae,2024,2024,1,4,0,0,0,-1,0,0,0,0,0,0,0,0,0,,52,01:00:00 PM,andraem01
13,Andy Andreoff,2020,2021,2,20,0,1,1,-9,11,0,0,0,0,1,0,0,16,0,171,08:33:00 AM,andrean01
14,Lou Angotti,1968,1968,1,70,12,37,49,4,35,10,2,0,1,29,7,1,147,8.2,,,angotlo01
15,Shawn Antoski,1995,1996,2,89,1,3,4,-4,265,1,0,0,0,3,0,0,46,2.2,,,antossh01
16,Bill Armstrong,1991,1991,1,1,0,1,1,1,0,0,0,0,0,1,0,0,1,0,,,armstbi01
17,Fred Arthur,1982,1983,2,77,1,8,9,-7,49,1,0,0,0,7,0,1,34,2.9,,,arthufr01
18,Arron Asham,2009,2010,2,150,18,26,44,-2,281,18,0,0,3,26,0,0,165,10.9,1408,09:23:00 AM,ashamar01
19,Barry Ashbee,1971,1974,4,270,15,67,82,56,277,10,4,1,2,48,16,3,328,4.6,,,ashbeba01
20,Cam Atkinson,2022,2024,2,110,31,37,68,-11,24,26,2,3,8,31,6,0,328,9.5,1967,05:53:00 PM,atkinca01
21,Ronald Attard,2022,2023,2,17,2,2,4,-2,8,2,0,0,0,2,0,0,21,9.5,282,04:37:00 PM,attarro01
22,Nicolas Aubé-Kubel,2019,2022,4,102,10,18,28,-4,69,8,2,0,1,17,1,0,112,8.9,1084,10:38:00 AM,aubekni01
23,Dave Babych,1998,1999,2,39,2,4,6,2,32,0,2,0,0,1,3,0,50,4,700,09:14:00 PM,babycda01
24,Justin Bailey,2019,2019,1,11,0,1,1,0,2,0,0,0,0,1,0,0,5,0,63,05:44:00 AM,baileju01
25,Reid Bailey,1981,1982,2,27,1,3,4,3,78,1,0,0,0,3,0,0,23,4.3,,,bailere01
26,Terry Ball,1968,1970,2,62,7,18,25,-11,20,3,3,1,0,3,15,0,98,7.1,,,ballte01
27,Bill Barber*,1973,1984,12,903,420,463,883,312,623,285,104,31,54,267,176,20,3246,12.9,,,barbebi01
28,Norm Barnes,1977,1981,3,82,4,24,28,23,77,4,0,0,1,21,3,0,85,4.7,,,barneno01
29,Murray Baron,1990,1991,2,83,10,10,20,-4,86,7,3,0,1,8,2,0,104,9.6,,,baronmu01
30,Len Barrie,1990,1993,2,9,2,2,4,0,9,2,0,0,0,2,0,0,14,14.3,,,barrile01
31,Oskars Bārtulis,2010,2011,2,66,1,8,9,-16,32,1,0,0,0,7,1,0,33,3,910,01:48:00 PM,bartuos01
32,Ryan Bast,1999,1999,1,2,0,1,1,0,0,0,0,0,0,1,0,0,1,0,27,01:24:00 PM,bastry01
33,Frank Bathe,1978,1983,6,198,3,24,27,28,502,3,0,0,0,24,0,0,175,1.7,,,bathefr01
34,Nolan Baumgartner,2007,2007,1,6,0,1,1,0,21,0,0,0,0,1,0,0,4,0,90,03:00:00 PM,baumgno01
35,Pierre-Édouard Bellemare,2015,2017,3,237,17,17,34,-12,65,16,0,1,2,15,0,2,305,5.6,3107,01:07:00 PM,bellepi01
36,Kieffer Bellows,2023,2023,1,27,3,0,3,-7,6,3,0,0,1,0,0,0,32,9.4,264,09:47:00 AM,belloki01
37,Louis Belpedio,2024,2024,1,12,2,2,4,6,0,2,0,0,1,2,0,0,12,16.7,158,01:12:00 PM,belpelo01
38,Harvey Bennett,1977,1978,2,53,13,8,21,-8,67,13,0,0,2,7,1,0,56,23.2,,,benneha02
39,Brian Benning,1992,1993,2,59,11,29,40,-9,128,3,8,0,0,15,14,0,137,8,,,bennibr01
40,Josef Beránek,1993,1995,3,134,46,38,84,0,137,38,8,0,2,32,6,0,307,15,,,beranjo01
41,Todd Bergen,1985,1985,1,14,11,5,16,9,4,8,3,0,3,3,2,0,39,28.2,,,bergeto01
42,Bo Berglund,1986,1986,1,7,0,2,2,0,4,0,0,0,0,2,0,0,5,0,,,berglbo01
43,Serge Bernier,1969,1972,4,123,35,40,75,-29,130,28,7,0,4,30,10,0,329,10.6,,,bernise01
44,Craig Berube,1987,2000,7,323,20,34,54,-25,1138,20,0,0,2,34,0,0,216,9.3,707,08:02:00 AM,berubcr01
45,Blair Betts,2010,2011,2,138,13,17,30,4,22,10,1,2,4,16,0,1,114,11.4,1578,11:26:00 AM,bettsbl01
46,Don Biggs,1990,1990,1,11,2,0,2,-4,8,1,1,0,0,0,0,0,14,14.3,,,biggsdo01
47,Don Blackburn,1968,1969,2,115,16,29,45,-16,59,15,1,0,4,25,4,0,250,6.4,,,blackdo01
48,Tom Bladon,1973,1978,6,463,67,163,230,186,281,40,26,1,8,98,65,0,974,6.9,,,bladoto01
49,Claude Boivin,1992,1994,3,114,11,18,29,-18,320,11,0,0,1,18,0,0,78,14.1,,,boivicl01
50,Mike Boland,1975,1975,1,2,0,0,0,0,0,0,0,0,0,0,0,0,3,0,,,bolanmi01
51,Mark Botell,1982,1982,1,32,4,10,14,8,31,4,0,0,1,5,5,0,50,8,,,botelma01
52,Jesse Boulerice,2002,2008,2,8,0,0,0,-3,34,0,0,0,0,0,0,0,2,0,32,04:02:00 AM,bouleje01
53,Marc-Andre Bourdon,2012,2012,1,45,4,3,7,4,52,4,0,0,2,3,0,0,45,8.9,729,04:11:00 PM,bourdma01
54,Jason Bowen,1993,1997,5,73,2,6,8,12,99,2,0,0,1,6,0,0,58,3.4,,,bowenja01
55,Nick Boynton,2011,2011,1,10,0,0,0,-3,4,0,0,0,0,0,0,0,1,0,102,10:15:00 AM,boyntni01
56,Donald Brashear,2002,2006,4,270,22,44,66,2,648,22,0,0,3,42,2,0,306,7.2,3079,11:24:00 AM,brashdo01
57,Derick Brassard,2022,2022,1,31,6,10,16,6,10,5,1,0,0,9,1,0,46,13,445,02:22:00 PM,brassde01
58,Justin Braun,2020,2023,4,227,9,34,43,0,91,9,0,0,0,33,1,0,238,3.8,4039,05:47:00 PM,braunju01
59,Pavel Brendl,2002,2003,2,50,6,7,13,7,6,5,1,0,1,7,0,0,86,7,505,10:07:00 AM,brendpa01
60,Andy Brickley,1983,1983,1,3,1,1,2,-1,0,0,1,0,0,1,0,0,7,14.3,,,brickan01
61,Mel Bridgman,1976,1982,7,462,119,205,324,140,971,97,18,4,15,173,21,11,918,13,,,bridgme01
62,Daniel Brière,2008,2013,6,364,124,159,283,-13,331,85,39,0,14,95,63,1,936,13.2,6359,05:28:00 PM,brierda01
63,Aris Brimanis,1994,1997,3,21,0,3,3,-2,12,0,0,0,0,3,0,0,13,0,,,brimaar01
64,Rod Brind'Amour,1992,2000,9,633,235,366,601,-2,563,142,75,18,34,224,125,17,1564,15,3762,40:01:00,brindro01
65,Bobby Brink,2022,2024,2,42,7,15,22,1,6,5,2,0,1,12,3,0,65,10.8,637,03:10:00 PM,brinkbo01
66,Willie Brossart,1971,1973,3,47,0,5,5,-14,12,0,0,0,0,3,2,0,51,0,,,brosswi01
67,Dave Brown,1983,1995,11,552,39,39,78,-27,1382,39,0,0,6,38,1,0,353,11,,,brownda01
68,Larry Brown,1972,1972,1,12,0,0,0,-3,2,0,0,0,0,0,0,0,9,0,,,brownla01
69,Patrick Brown,2022,2023,2,87,6,10,16,-22,28,5,0,1,0,10,0,0,95,6.3,1041,11:58:00 AM,brownpa02
70,Mike Bullard,1989,1990,2,124,50,63,113,1,127,36,14,0,7,40,23,0,318,15.7,,,bullami01
71,Connor Bunnaman,2020,2022,3,54,1,2,3,-6,8,1,0,0,0,2,0,0,43,2.3,553,10:15:00 AM,bunnaco01
72,Marc Bureau,1999,2000,2,125,6,8,14,-3,20,5,0,1,0,8,0,0,98,6.1,1380,11:02:00 AM,bureama01
73,Adam Burt,1999,2000,2,84,1,7,8,-1,59,1,0,0,1,7,0,0,73,1.4,1389,04:32:00 PM,burtad01
74,Mike Busniuk,1980,1981,2,143,3,23,26,66,297,3,0,0,1,22,0,1,89,3.4,,,busnimi01
75,Viacheslav Butsayev,1993,1994,2,99,14,23,37,5,119,14,0,0,3,21,2,0,137,10.2,,,butsavi01
76,Mike Byers,1969,1969,1,5,0,2,2,-1,0,0,0,0,0,0,2,0,8,0,,,byersmi01
77,Kyle Calder,2007,2007,1,59,9,12,21,-31,36,5,2,2,0,8,4,0,88,10.2,887,03:02:00 PM,caldeky01
78,Drew Callander,1977,1979,3,18,3,1,4,0,5,3,0,0,0,1,0,0,23,13,,,calladr01
79,Daniel Carcillo,2009,2011,3,153,16,16,32,-11,414,15,1,0,3,15,1,0,196,8.2,1503,09:49:00 AM,carcida01
80,Terry Carkner,1989,1993,5,376,29,103,132,-25,867,18,9,2,3,67,33,3,356,8.1,,,carknte01
81,Matt Carle,2009,2012,4,308,15,122,137,55,91,10,5,0,3,91,31,0,458,3.3,6925,10:29:00 PM,carlema01
82,Dwight Carruthers,1968,1968,1,1,0,0,0,0,0,0,0,0,0,0,0,0,0,,,,carrudw01
83,Lindsay Carson,1982,1988,7,346,61,76,137,5,495,59,1,1,6,73,3,0,501,12.2,,,carsoli01
84,Jeff Carter,2006,2011,6,461,181,162,343,51,288,121,48,12,38,107,53,2,1660,10.9,8307,06:01:00 PM,carteje01
85,Jackson Cates,2021,2023,3,20,1,1,2,-5,0,1,0,0,0,1,0,0,19,5.3,187,09:21:00 AM,catesja01
86,Noah Cates,2022,2024,3,119,19,32,51,4,16,14,4,1,6,25,5,2,149,12.8,1972,04:34:00 PM,catesno01
87,Dick Cherry,1969,1970,2,139,12,10,22,-39,41,9,1,2,3,8,2,0,190,6.3,,,cherrdi01
88,Eric Chouinard,2003,2006,3,46,7,4,11,-1,10,6,1,0,0,4,0,0,60,11.7,410,08:54:00 AM,chouier01
89,Jeff Chychrun,1987,1991,5,199,3,17,20,-1,606,3,0,0,2,15,1,1,132,2.3,,,chychje01
90,Bobby Clarke*,1970,1984,15,1144,358,852,1210,507,1453,227,99,32,38,583,234,35,2582,13.9,,,clarkbo01
91,Bill Clement,1972,1975,4,229,53,52,105,12,166,49,1,3,8,44,5,3,420,12.6,,,clemebi01
92,Braydon Coburn,2007,2015,9,576,37,124,161,24,470,26,10,1,4,96,22,6,830,4.5,12647,09:57:00 PM,coburbr01
93,Glen Cochrane,1979,1985,6,257,16,61,77,74,1110,15,0,1,5,54,5,2,262,6.1,,,cochrgl01
94,Paul Coffey*,1997,1998,2,94,8,47,55,14,50,6,1,1,2,22,25,0,178,4.5,1088,,coffepa01
95,Carlo Colaiacovo,2015,2015,1,33,2,6,8,0,10,2,0,0,0,4,2,0,42,4.8,544,04:29:00 PM,colaica01
96,Bill Collins,1977,1977,1,9,1,1,2,-1,4,1,0,0,1,1,0,0,5,20,,,collibi01
97,Mike Comrie,2004,2004,1,21,4,5,9,2,12,4,0,0,1,2,3,0,36,11.1,270,12:51:00 PM,comrimi01
98,Kevin Connauton,2022,2022,1,26,1,2,3,-7,2,1,0,0,0,2,0,0,16,6.3,354,01:36:00 PM,connake01
99,Al Conroy,1992,1994,3,114,9,14,23,-12,156,8,0,1,1,13,1,0,89,10.1,,,conroal01
100,Bob Corkum,1996,1996,1,28,4,3,7,3,8,4,0,0,2,3,0,0,38,10.5,,,corkubo01
101,Riley Cote,2007,2010,4,156,1,6,7,-5,411,1,0,0,0,5,1,0,51,2,643,04:07:00 AM,coteri01
102,Nick Cousins,2015,2017,3,107,12,15,27,0,37,11,1,0,1,12,3,0,146,8.2,1203,11:15:00 AM,cousini01
103,Sean Couturier,2012,2024,12,756,189,295,484,89,291,155,29,5,32,228,58,9,1671,11.3,14341,06:58:00 PM,coutuse01
104,Murray Craven,1985,1992,8,523,152,272,424,98,315,114,29,9,21,186,79,7,1064,14.3,,,cravemu01
105,Terry Crisp,1973,1977,5,194,25,54,79,34,78,20,2,3,5,45,5,4,230,10.9,,,crispte01
106,Shawn Cronin,1993,1993,1,35,2,1,3,0,37,2,0,0,0,1,0,0,12,16.7,,,cronish01
107,Doug Crossman,1984,1988,5,392,35,158,193,64,255,16,18,1,5,96,57,5,682,5.1,,,crossdo01
108,Phil Crowe,1996,1996,1,16,1,1,2,0,28,1,0,0,0,1,0,0,6,16.7,,,croweph01
109,Mark Cullen,2007,2007,1,3,0,0,0,-3,0,0,0,0,0,0,0,0,4,0,19,06:15:00 AM,cullema02
110,Jim Cummins,1994,1994,1,22,1,2,3,0,71,1,0,0,0,2,0,0,17,5.9,,,cummiji01
111,Jim Cunningham,1978,1978,1,1,0,0,0,1,4,0,0,0,0,0,0,0,0,,,,cunniji01
112,Alexandre Daigle,1998,1999,2,68,12,19,31,-2,8,7,5,0,4,16,3,0,104,11.5,769,24:49:00,daiglal02
113,J.J. Daigneault,1987,1988,2,105,8,18,26,5,68,6,2,0,1,13,5,0,102,7.8,,,daignjj01
114,Bob Dailey,1977,1982,6,304,56,138,194,125,397,42,11,3,7,82,51,5,800,7,,,dailebo01
115,Rod Dallman,1992,1992,1,2,0,0,0,0,5,0,0,0,0,0,0,0,2,0,,,dallmro01
116,Kimbi Daniels,1991,1992,2,27,1,2,3,-6,4,1,0,0,1,2,0,0,18,5.6,,,danieki01
117,Scott Daniels,1997,1997,1,56,5,3,8,2,237,5,0,0,2,3,0,0,48,10.4,,,daniesc01
118,Craig Darby,1997,1998,2,12,2,4,6,2,2,1,0,1,0,4,0,0,16,12.5,12,,darbycr01
119,Barry Dean,1978,1979,2,86,11,31,42,11,54,11,0,0,3,25,6,0,128,8.6,,,deanba01
120,Tony DeAngelo,2023,2023,1,70,11,31,42,-27,73,7,4,0,1,16,15,0,174,6.3,1544,10:04:00 PM,deangan01
121,Michael Del Zotto,2015,2017,3,167,20,43,63,-18,78,18,1,1,5,33,9,1,309,6.5,3615,09:39:00 PM,delzomi01
122,Andy Delmore,1999,2001,3,95,7,15,22,0,24,5,2,0,1,10,4,1,176,4,1673,05:36:00 PM,delmoan01
123,Éric Desjardins,1995,2006,11,738,93,303,396,143,406,50,39,4,17,163,129,11,1674,5.6,13198,28:23:00,desjaer01
124,Nicolas Deslauriers,2023,2024,2,116,6,9,15,-17,175,5,0,1,0,9,0,0,104,5.8,1134,09:46:00 AM,deslani01
125,Elliot Desnoyers,2023,2023,1,4,0,0,0,-2,0,0,0,0,0,0,0,0,3,0,53,01:22:00 PM,desnoel02
126,Rob DiMaio,1994,1996,3,109,12,21,33,9,117,10,1,1,1,20,0,1,113,10.6,,,dimairo01
127,Niko Dimitrakos,2006,2007,2,24,5,4,9,0,12,4,1,0,1,3,1,0,31,16.1,249,10:22:00 AM,dimitni01
128,Kevin Dineen,1992,1996,5,284,88,88,176,-3,533,61,20,7,15,61,21,6,680,12.9,,,dineeke01
129,Gilbert Dionne,1995,1996,2,22,0,7,7,-1,2,0,0,0,0,6,1,0,29,0,,,dionngi01
130,Tomáš Divíšek,2001,2002,2,5,1,0,1,0,0,1,0,0,1,0,0,0,5,20,48,09:31:00 AM,divisto01
131,Brian Dobbin,1987,1990,4,56,6,8,14,-4,39,5,1,0,1,5,3,0,52,11.5,,,dobbibr01
132,Jiří Dopita,2002,2002,1,52,11,16,27,9,8,8,3,0,2,13,3,0,79,13.9,792,03:14:00 PM,dopitji01
133,Gary Dornhoefer,1968,1978,11,725,202,316,518,85,1256,151,44,7,27,226,85,5,1356,14.9,,,dornhga01
134,Jim Dowd,2008,2008,1,73,5,5,10,0,41,4,0,1,0,4,0,1,41,12.2,616,08:26:00 AM,dowdji01
135,Steve Downie,2008,2014,3,89,9,20,29,-5,154,6,2,1,1,18,2,0,88,10.2,1041,11:42:00 AM,downist01
136,Rene Drolet,1972,1972,1,1,0,0,0,0,0,0,0,0,0,0,0,0,3,0,,,drolere01
137,John Druce,1996,1998,3,79,12,14,26,1,27,11,1,0,0,13,1,0,116,10.3,164,,drucejo01
138,Steve Duchesne,1992,1999,2,89,20,43,63,-7,88,10,8,2,4,27,16,0,248,8.1,247,10:28:00 PM,duchest01
139,Blake Dunlop,1978,1979,2,69,20,29,49,27,16,15,5,0,5,22,3,4,123,16.3,,,dunlobl01
140,André Dupont,1973,1980,8,549,42,135,177,270,1505,33,9,0,8,96,33,6,995,4.2,,,duponan01
141,Yanick Dupré,1992,1996,3,35,2,0,2,-7,16,2,0,0,1,0,0,0,31,6.5,,,dupreya01
142,Miroslav Dvořák,1983,1985,3,193,11,74,85,59,51,6,2,3,1,45,23,6,249,4.4,,,dvorami01
143,Karl Dykhuis,1995,2000,5,227,13,41,54,21,211,8,5,0,2,26,15,0,317,4.1,896,05:55:00 PM,dykhuka01
144,Ben Eager,2006,2008,3,111,9,10,19,-21,313,9,0,0,0,10,0,0,80,11.3,830,07:29:00 AM,eagerbe01
145,Mark Eaton,2000,2000,1,27,1,1,2,1,8,1,0,0,1,0,1,0,25,4,494,06:17:00 PM,eatonma01
146,Darryl Edestrand,1970,1970,1,2,0,0,0,-1,6,0,0,0,0,0,0,0,3,0,,,edestda01
147,Pelle Eklund,1986,1994,9,589,118,334,452,12,107,71,41,6,16,178,151,5,952,12.4,,,eklunpe01
148,Ryan Ellis,2022,2022,1,4,1,4,5,2,0,1,0,0,0,2,2,0,6,16.7,91,10:48:00 PM,ellisry01
149,Matt Ellison,2006,2007,2,7,0,1,1,2,2,0,0,0,0,1,0,0,3,0,44,06:20:00 AM,ellisma02
150,Steve Eminger,2009,2009,1,12,0,2,2,0,8,0,0,0,0,1,1,0,9,0,215,05:53:00 PM,emingst01
151,Thomas Eriksson,1981,1986,5,208,22,76,98,45,107,14,7,1,2,43,33,0,317,6.9,,,eriksth01
152,Doug Evans,1993,1993,1,65,8,13,21,-9,70,8,0,0,1,12,0,1,60,13.3,,,evansdo01
153,Paul Evans,1979,1983,3,103,14,25,39,13,34,13,0,1,2,23,1,1,90,15.6,,,evansjo01
154,Pat Falloon,1996,1998,3,144,38,45,83,10,24,26,12,0,6,27,17,1,339,11.2,382,,fallopa01
155,Joel Farabee,2020,2024,5,289,72,87,159,2,170,66,5,1,5,76,11,0,548,13.1,4682,04:12:00 PM,farabjo01
156,Andre Faust,1993,1994,2,47,10,7,17,4,14,10,0,0,1,7,0,0,44,22.7,,,faustan01
157,Todd Fedoruk,2001,2007,5,268,13,26,39,-16,575,13,0,0,1,26,0,0,143,9.1,1898,07:05:00 AM,fedorto01
158,Ruslan Fedotenko,2001,2013,3,199,37,38,75,31,127,33,3,1,8,35,2,1,283,13.1,2761,01:52:00 PM,fedotru01
159,Brent Fedyk,1993,1996,4,200,59,65,124,-1,160,42,16,1,5,50,13,2,354,16.7,,,fedykbr01
160,David Fenyves,1988,1991,4,58,1,5,6,-6,32,1,0,0,0,5,0,0,45,2.2,,,fenyvda01
161,Valtteri Filppula,2017,2018,2,101,16,25,41,-9,22,13,3,0,4,22,1,2,93,17.2,1677,04:36:00 PM,filppva01
162,Jeff Finley,1994,1994,1,55,1,8,9,16,24,1,0,0,0,8,0,0,43,2.3,,,finleje01
163,Craig Fisher,1990,1991,2,4,0,0,0,0,0,0,0,0,0,0,0,0,7,0,,,fishecr01
164,Rory Fitzpatrick,2008,2008,1,19,0,1,1,-12,11,0,0,0,0,1,0,0,10,0,242,12:44:00 PM,fitzpro02
165,Ross Fitzpatrick,1983,1986,4,20,5,2,7,-1,0,4,1,0,1,2,0,0,34,14.7,,,fitzpro01
166,Reggie Fleming,1970,1970,1,65,9,18,27,-4,134,6,3,0,1,14,3,1,129,7,,,flemire01
167,Bill Flett,1972,1974,3,167,71,68,139,56,130,52,15,4,12,51,16,1,621,11.4,,,flettbi01
168,Ron Flockhart,1981,1984,4,167,65,80,145,30,108,50,13,2,8,53,27,0,517,12.6,,,flockro02
169,Tyson Foerster,2023,2024,2,44,8,13,21,6,20,5,3,0,0,10,3,0,92,8.7,745,04:56:00 PM,foersty01
170,Rick Foley,1972,1972,1,58,11,25,36,-15,168,6,5,0,0,9,16,0,124,8.9,,,foleyri01
171,Christian Folin,2019,2019,1,26,0,2,2,5,16,0,0,0,0,2,0,0,20,0,404,03:33:00 PM,folinch01
172,Colin Forbes,1997,1999,3,132,22,14,36,2,110,20,2,0,6,13,0,1,188,11.7,1595,24:10:00,forbeco01
173,Peter Forsberg*,2006,2007,2,100,30,85,115,23,118,16,13,1,4,48,37,0,195,15.4,1837,06:22:00 PM,forsbpe01
174,Corey Foster,1992,1992,1,25,3,4,7,-14,20,2,1,0,0,2,2,0,67,4.5,,,fosteco01
175,Kurtis Foster,2013,2013,1,23,1,4,5,0,25,0,1,0,0,4,0,0,21,4.8,301,01:05:00 PM,fosteku01
176,Nick Fotiu,1988,1988,1,23,0,0,0,-9,40,0,0,0,0,0,0,0,9,0,,,fotiuni01
177,Mark Freer,1987,1992,5,59,6,9,15,-2,18,6,0,0,2,8,1,0,44,13.6,,,freerma01
178,Mark Friedman,2019,2021,3,11,0,1,1,-3,6,0,0,0,0,1,0,0,6,0,138,12:34:00 PM,friedma01
179,Jamie Fritsch,2009,2009,1,1,0,0,0,1,0,0,0,0,0,0,0,0,0,,5,04:34:00 AM,fritsja01
180,Morgan Frost,2020,2024,5,185,31,49,80,-20,52,27,3,1,4,44,5,0,319,9.7,2799,03:08:00 PM,frostmo01
181,Simon Gagné,2000,2013,11,691,264,271,535,140,284,179,74,11,47,162,97,12,2036,13,12513,06:06:00 PM,gagnesi01
182,Sam Gagner,2016,2016,1,53,8,8,16,4,25,6,2,0,2,7,1,0,86,9.3,735,01:52:00 PM,gagnesa01
183,Garry Galley,1992,1995,4,236,28,144,172,8,260,14,12,2,4,73,67,4,557,5,,,gallega01
184,Dave Gardner,1980,1980,1,2,1,1,2,1,0,1,0,0,0,1,0,0,1,100,,,gardnda01
185,Denis Gauthier,2006,2007,2,60,0,4,4,-5,82,0,0,0,0,2,0,2,36,0,977,04:17:00 PM,gauthde01
186,Jean Gauthier,1968,1968,1,65,5,7,12,2,74,3,1,1,0,5,2,0,104,4.8,,,gauthje01
187,Jean-Guy Gendron,1968,1972,5,278,69,86,155,-14,203,51,17,1,5,48,38,0,595,11.6,,,gendrje01
188,Bruno Gervais,2013,2013,1,37,1,5,6,-17,10,1,0,0,0,5,0,0,49,2,634,05:08:00 PM,gervabr01
189,Hal Gill,2014,2014,1,6,0,0,0,0,2,0,0,0,0,0,0,0,1,0,89,02:51:00 PM,gillha01
190,Don Gillen,1980,1980,1,1,1,0,1,1,0,1,0,0,0,0,0,0,2,50,,,gilledo01
191,Jere Gillis,1987,1987,1,1,0,0,0,0,0,0,0,0,0,0,0,0,0,,,,gillije01
192,Adam Ginning,2023,2023,1,1,0,0,0,0,2,0,0,0,0,0,0,0,0,,17,04:40:00 PM,ginniad01
193,Claude Giroux,2008,2022,15,1000,291,609,900,27,412,200,84,7,46,345,255,9,2597,11.2,19609,07:37:00 PM,giroucl01
194,Larry Goodenough,1975,1977,3,129,15,56,71,72,104,8,7,0,2,30,26,0,238,6.3,,,goodela01
195,Boyd Gordon,2017,2017,1,13,1,0,1,-5,2,1,0,0,0,0,0,0,8,12.5,106,08:11:00 AM,gordobo01
196,Tom Gorence,1979,1983,5,291,57,52,109,28,89,52,1,4,11,50,1,1,477,11.9,,,gorento01
197,Shayne Gostisbehere,2015,2021,7,381,60,159,219,-31,129,33,27,0,11,80,79,0,911,6.6,7593,07:56:00 PM,gostish01
198,Tyrell Goulbourne,2018,2019,2,11,0,0,0,-2,2,0,0,0,0,0,0,0,5,0,65,05:55:00 AM,goulbty01
199,Derek Grant,2020,2020,1,7,1,4,5,2,2,1,0,0,1,3,0,1,13,7.7,100,02:16:00 PM,grantde01
200,Triston Grant,2007,2007,1,8,0,1,1,-1,10,0,0,0,0,1,0,0,3,0,36,04:32:00 AM,granttr01
201,Chris Gratton,1998,1999,2,108,23,47,70,3,200,18,5,0,2,37,10,0,236,9.7,1720,66:09:00,grattch01
202,Josh Gratton,2006,2009,2,22,1,2,3,-2,71,1,0,0,0,2,0,0,17,5.9,134,06:04:00 AM,grattjo01
203,Kyle Greentree,2008,2008,1,2,0,0,0,-1,0,0,0,0,0,0,0,0,3,0,18,09:12:00 AM,greenky01
204,Mark Greig,1999,2003,4,30,5,7,12,0,14,5,0,0,1,4,3,0,32,15.6,320,10:40:00 AM,greigma01
205,Martin Grenier,2007,2007,1,3,0,0,0,-3,0,0,0,0,0,0,0,0,0,,14,04:40:00 AM,grenima01
206,Nicklas Grossmann,2012,2015,4,198,7,31,38,6,118,7,0,0,0,30,0,1,153,4.6,3647,06:25:00 PM,grossni01
207,Paul Guay,1984,1985,2,16,2,7,9,4,14,2,0,0,0,7,0,0,22,9.1,,,guaypa01
208,Radko Gudas,2016,2019,4,290,17,56,73,11,355,17,0,0,1,54,1,1,541,3.1,5374,06:32:00 PM,gudasra01
209,Nate Guenin,2007,2009,3,12,0,2,2,2,6,0,0,0,0,2,0,0,0,,111,09:17:00 AM,guenina01
210,Erik Gustafsson,2011,2014,4,91,6,17,23,17,14,6,0,0,1,13,3,1,86,7,1624,05:51:00 PM,gustaer01
211,Erik Gustafsson,2021,2021,1,24,1,9,10,-2,0,1,0,0,0,5,4,0,25,4,418,05:24:00 PM,gustaer02
212,Len Hachborn,1984,1985,2,78,16,38,54,23,27,15,1,0,2,33,5,0,126,12.7,,,hachble01
213,Robert Hägg,2017,2021,5,236,13,34,47,13,143,12,1,0,1,34,0,0,247,5.3,3977,04:51:00 PM,haggro01
214,Larry Hale,1969,1972,4,196,5,37,42,-42,90,5,0,0,1,35,1,1,149,3.4,,,halela01
215,Adam Hall,2013,2014,2,91,4,5,9,-16,23,2,0,2,0,5,0,0,76,5.3,908,09:59:00 AM,hallad01
216,Kevin Haller,1995,1997,3,132,7,22,29,33,177,5,0,2,2,20,2,0,149,4.7,,,halleke01
217,Denis Hamel,2007,2007,1,7,0,0,0,-4,0,0,0,0,0,0,0,0,3,0,49,06:58:00 AM,hamelde01
218,Michal Handzuš,2003,2006,3,237,54,92,146,29,166,41,10,3,12,54,34,4,381,14.2,4322,06:14:00 PM,handzmi01
219,John Hanna,1968,1968,1,15,0,0,0,1,0,0,0,0,0,0,0,0,4,0,,,hannajo01
220,Pat Hannigan,1968,1969,2,72,11,16,27,2,58,11,0,0,2,14,2,0,68,16.2,,,hannipa01
221,Jeff Harding,1989,1990,2,15,0,0,0,0,47,0,0,0,0,0,0,0,22,0,,,hardije01
222,Ted Harris,1975,1975,1,70,1,6,7,27,48,1,0,0,1,6,0,0,38,2.6,,,harrite01
223,Ryan Hartman,2019,2019,1,19,2,4,6,-6,30,2,0,0,0,4,0,0,32,6.3,229,12:03:00 PM,hartmry01
224,Scott Hartnell,2008,2014,7,517,157,169,326,49,908,98,57,2,29,128,40,1,1247,12.6,8672,04:46:00 PM,hartnsc01
225,Derian Hatcher,2006,2008,3,203,9,24,33,-18,193,4,4,1,2,17,4,3,206,4.4,4678,11:03:00 PM,hatchde01
226,Garnet Hathaway,2024,2024,1,37,4,1,5,-6,58,3,0,1,0,0,0,1,34,11.8,394,10:39:00 AM,hathaga01
227,Dale Hawerchuk*,1996,1997,2,67,16,38,54,19,36,9,7,0,3,29,9,0,146,11,,,hawerda01
228,Greg Hawgood,1993,1994,2,59,9,34,43,-5,58,1,8,0,1,12,22,0,128,7,,,hawgogr01
229,Kevin Hayes,2020,2023,4,253,63,94,157,-50,105,44,15,4,9,72,21,1,637,9.9,4470,05:40:00 PM,hayeske01
230,Paul Healey,1997,1998,2,6,0,0,0,0,12,0,0,0,0,0,0,0,0,,8,,healepa01
231,Earl Heiskala,1969,1971,3,127,13,11,24,-30,294,13,0,0,1,10,1,0,191,6.8,,,heiskea01
232,Wayne Hicks,1968,1968,1,32,2,7,9,-6,6,1,1,0,0,1,6,0,40,5,,,hickswa01
233,Al Hill,1977,1988,8,221,40,55,95,31,227,39,1,0,5,49,4,2,262,15.3,,,hillal01
234,Larry Hillman,1970,1971,2,149,8,39,47,-2,112,6,2,0,0,31,8,0,429,1.9,,,hillmla01
235,Wayne Hillman,1970,1973,4,258,8,25,33,8,170,8,0,0,1,23,2,0,209,3.8,,,hillmwa01
236,Jan Hlaváč,2002,2002,1,31,7,3,10,5,8,7,0,0,1,3,0,0,62,11.3,391,12:36:00 PM,hlavaja01
237,Todd Hlushko,1994,1994,1,2,1,0,1,1,0,1,0,0,0,0,0,0,2,50,,,hlushto01
238,Hayden Hodgson,2022,2023,2,7,1,2,3,-1,11,1,0,0,0,2,0,0,10,10,84,12:00:00 PM,hodgsha01
239,Ed Hoekstra,1968,1968,1,70,15,21,36,5,6,10,5,0,4,18,2,1,126,11.9,,,hoeksed01
240,Bob Hoffmeyer,1982,1983,2,92,9,31,40,19,182,4,5,0,0,22,7,2,138,6.5,,,hoffmbo01
241,Linus Högberg,2022,2022,1,5,0,2,2,0,2,0,0,0,0,2,0,0,3,0,85,05:04:00 PM,hogbeli01
242,Miloš Holaň,1994,1994,1,8,1,1,2,-4,4,0,1,0,0,0,1,0,26,3.8,,,holanmi01
243,Paul Holmgren,1976,1984,9,500,138,171,309,112,1600,112,26,0,17,136,34,1,868,15.9,,,holmgpa01
244,Ben Holmstrom,2011,2012,2,7,0,0,0,-1,7,0,0,0,0,0,0,0,3,0,52,07:24:00 AM,holmsbe01
245,Randy Holt,1984,1984,1,26,0,0,0,-1,74,0,0,0,0,0,0,0,4,0,,,holtra01
246,Tony Horacek,1990,1992,3,116,9,14,23,3,217,9,0,0,2,14,0,0,88,10.2,,,horacto01
247,Ed Hospodar,1985,1987,3,112,8,7,15,-1,321,7,0,1,1,7,0,0,78,10.3,,,hospoed01
248,Martin Hosták,1991,1992,2,55,3,11,14,0,24,2,1,0,0,11,0,0,72,4.2,,,hostama01
249,Mark Howe*,1983,1992,10,594,138,342,480,351,323,75,39,24,15,199,127,16,1399,9.9,,,howema02
250,Dave Hoyda,1978,1979,2,108,4,16,20,-3,257,4,0,0,0,16,0,0,47,8.5,,,hoydada01
251,Petr Hubáček,2001,2001,1,6,1,0,1,-1,2,1,0,0,0,0,0,0,5,20,68,11:20:00 AM,hubacpe01
252,Willie Huber,1988,1988,1,10,4,9,13,-2,16,1,3,0,0,4,5,0,14,28.6,,,huberwi01
253,Kerry Huffman,1987,1996,7,207,23,61,84,-7,158,16,7,0,6,27,33,1,320,7.2,,,huffmke01
254,Brent Hughes,1971,1973,3,122,5,41,46,-9,88,5,0,0,0,20,18,3,170,2.9,,,hughebr01
255,Jody Hull,1999,2001,3,210,20,22,42,5,26,16,0,4,5,21,0,1,214,9.3,2675,12:44:00 PM,hulljo01
256,Kent Huskins,2013,2013,1,8,0,1,1,0,0,0,0,0,0,1,0,0,2,0,129,04:06:00 PM,huskike01
257,Gord Hynes,1993,1993,1,37,3,4,7,-3,16,3,0,0,0,3,1,0,39,7.7,,,hynesgo01
258,Jaromír Jágr,2012,2012,1,73,19,35,54,5,30,11,8,0,2,23,12,0,170,11.2,1193,04:20:00 PM,jagrja01
259,Chris Jensen,1990,1992,3,21,2,1,3,-7,4,2,0,0,0,1,0,0,24,8.3,,,jensech01
260,Jim Johnson,1968,1972,5,266,66,102,168,-38,67,51,10,5,9,85,14,3,534,12.4,,,johnsji01
261,Kim Johnsson,2002,2006,4,291,40,107,147,44,140,23,17,0,6,50,56,1,595,6.7,6898,11:42:00 PM,johnski01
262,Blair Jones,2015,2015,1,4,0,0,0,-4,2,0,0,0,0,0,0,0,0,,28,06:55:00 AM,jonesbl01
263,Brad Jones,1992,1992,1,48,7,10,17,-2,44,7,0,0,1,9,0,1,67,10.4,,,jonesbr01
264,Keith Jones,1999,2001,3,131,27,47,74,32,164,24,3,0,3,42,5,0,227,11.9,1986,03:10:00 PM,joneske01
265,Randy Jones,2004,2009,5,217,13,56,69,-3,134,11,2,0,2,35,19,2,241,5.4,3817,05:35:00 PM,jonesra01
266,Lars Jonsson,2007,2007,1,8,0,2,2,-4,6,0,0,0,0,0,2,0,4,0,99,12:25:00 PM,jonssla01
267,Chris Joseph,1998,1999,2,17,1,0,1,1,21,1,0,0,1,0,0,0,21,4.8,289,144:40:00,josepch01
268,Eddie Joyal,1972,1972,1,26,3,4,7,-13,8,1,2,0,0,4,0,0,41,7.3,,,joyaled01
269,Patrik Juhlin,1995,1996,2,56,7,6,13,-9,23,6,1,0,1,5,1,0,58,12.1,,,juhlipa01
270,Jon Kalinski,2009,2010,2,22,1,4,5,-4,0,1,0,0,1,4,0,0,16,6.3,161,07:19:00 AM,kalinjo01
271,Tomi Kallio,2003,2003,1,7,1,0,1,-1,2,1,0,0,0,0,0,0,5,20,66,09:29:00 AM,kallito01
272,Boyd Kane,2004,2009,3,23,0,2,2,-8,35,0,0,0,0,2,0,0,13,0,182,07:55:00 AM,kanebo01
273,Sami Kapanen,2003,2008,5,311,44,66,110,-34,70,30,6,8,7,49,14,3,558,7.9,5105,04:25:00 PM,kapansa01
274,David Kaše,2020,2021,2,7,1,0,1,1,0,1,0,0,1,0,0,0,5,20,70,09:57:00 AM,kaseda01
275,Steve Kasper,1992,1993,2,37,4,5,9,-7,12,2,0,2,0,5,0,0,22,18.2,,,kaspest01
276,Pat Kavanagh,2006,2006,1,8,0,0,0,-2,2,0,0,0,0,0,0,0,1,0,42,05:14:00 AM,kavanpa01
277,Larry Keenan,1972,1972,1,14,1,1,2,-4,2,0,1,0,1,0,1,0,13,7.7,,,keenala01
278,Bob Kelly,1971,1980,10,741,128,168,296,134,1285,122,6,0,24,161,7,0,1076,11.9,,,kellybo02
279,Forbes Kennedy,1968,1969,2,132,18,25,43,-20,325,16,1,1,3,22,0,3,164,11,,,kennefo01
280,Tim Kerr,1981,1991,11,601,363,287,650,93,577,219,144,0,44,186,101,0,1881,19.3,,,kerrti01
281,Orest Kindrachuk,1973,1978,6,360,79,181,260,117,465,62,11,6,14,142,35,4,708,11.2,,,kindror01
282,Trent Klatt,1996,1999,4,209,41,57,98,13,57,26,10,5,9,45,10,2,340,12.1,1481,740:22:00,klatttr01
283,Corban Knight,2019,2019,1,23,1,3,4,-5,0,1,0,0,0,3,0,0,15,6.7,223,09:41:00 AM,knighco01
284,Mike Knuble,2006,2013,5,338,118,111,229,25,290,65,50,3,17,67,43,1,758,15.6,6327,06:43:00 PM,knublmi01
285,Matthew Konan,2013,2013,1,2,0,0,0,0,0,0,0,0,0,0,0,0,4,0,32,03:56:00 PM,konanma01
286,Travis Konecny,2017,2024,8,525,159,206,365,-19,381,125,27,7,22,153,50,3,1262,12.6,8648,04:28:00 PM,konectr01
287,Dan Kordic,1992,1999,6,197,4,8,12,-4,584,4,0,0,0,8,0,0,62,6.5,198,99:00:00,kordida01
288,Andrei Kovalenko,1999,1999,1,13,0,1,1,-5,2,0,0,0,0,0,1,0,8,0,104,08:02:00 AM,kovalan01
289,Lukáš Krajíček,2010,2010,1,27,1,1,2,-10,14,1,0,0,0,1,0,0,25,4,458,04:58:00 PM,krajilu01
290,Pavel Kubina,2012,2012,1,17,0,4,4,-3,15,0,0,0,0,4,0,0,19,0,294,05:19:00 PM,kubinpa01
291,František Kučera,1997,1997,1,2,0,0,0,-2,2,0,0,0,0,0,0,0,2,0,,,kucerfr01
292,Lasse Kukkonen,2007,2009,3,95,1,6,7,0,56,1,0,0,0,4,2,0,50,2,1440,03:09:00 PM,kukkola01
293,Dale Kushner,1991,1992,2,82,10,13,23,-9,213,9,1,0,1,13,0,0,78,12.8,,,kushnda01
294,Normand Lacombe,1990,1991,2,92,11,22,33,-1,34,10,1,0,1,21,0,1,112,9.8,,,lacomno01
295,André Lacroix,1968,1971,4,245,72,98,170,-29,36,44,28,0,10,59,39,0,623,11.6,,,lacroan01
296,Daniel Lacroix,1997,1998,2,130,8,5,13,-1,298,7,1,0,0,5,0,0,82,9.8,272,,lacroda01
297,Tanner Laczynski,2021,2023,3,38,2,2,4,-5,2,2,0,0,0,2,0,0,29,6.9,364,09:35:00 AM,laczyta01
298,Claude Laforge,1968,1969,2,65,9,16,25,6,36,9,0,0,2,15,0,1,107,8.4,,,laforcl01
299,Serge Lajeunesse,1974,1975,2,6,0,0,0,1,2,0,0,0,0,0,0,0,8,0,,,lajeuse01
300,David Laliberte,2010,2010,1,11,2,1,3,1,6,2,0,0,1,1,0,0,8,25,86,07:47:00 AM,lalibda01
301,Mark Lamb,1994,1995,2,27,1,8,9,-2,18,1,0,0,1,7,1,0,26,3.8,,,lambma01
302,Mitch Lamoureux,1988,1988,1,3,0,0,0,-1,0,0,0,0,0,0,0,0,1,0,,,lamoumi01
303,Daymond Langkow,1999,2001,3,209,41,86,127,5,130,29,11,1,10,58,27,1,521,7.9,3564,05:03:00 PM,langkda01
304,Jeff Lank,2000,2000,1,2,0,0,0,0,2,0,0,0,0,0,0,0,0,,26,01:06:00 PM,lankje01
305,Ian Laperrière,2010,2010,1,82,3,17,20,-1,162,3,0,0,0,16,0,1,53,5.7,1025,12:30:00 PM,laperia01
306,Claude Lapointe,2003,2004,2,56,7,5,12,7,48,6,0,1,1,5,0,0,46,15.2,620,11:04:00 AM,lapoicl01
307,Rick Lapointe,1977,1979,3,146,8,42,50,70,183,5,2,1,1,36,5,1,158,5.1,,,lapoiri01
308,Jiří Látal,1990,1992,3,92,12,36,48,-14,24,8,4,0,1,25,11,0,162,7.4,,,latalji01
309,Scott Laughton,2013,2024,11,556,85,130,215,-15,320,72,5,8,5,114,7,9,916,9.3,7950,02:18:00 PM,laughsc01
310,Oliver Lauridsen,2013,2015,2,16,2,1,3,-1,44,2,0,0,2,1,0,0,16,12.5,237,02:50:00 PM,lauriol01
311,Kirby Law,2001,2004,3,9,0,1,1,-1,4,0,0,0,0,1,0,0,1,0,56,06:11:00 AM,lawki01
312,Paul Lawless,1988,1988,1,8,0,5,5,0,0,0,0,0,0,5,0,0,10,0,,,lawlepa01
313,Reggie Leach,1975,1982,8,606,306,208,514,214,276,222,79,5,48,145,61,2,2195,13.9,,,leachre01
314,Vincent Lecavalier,2014,2016,3,133,28,30,58,-24,82,19,9,0,3,22,8,0,242,11.6,1835,01:48:00 PM,lecavvi01
315,John LeClair,1995,2004,10,649,333,310,643,197,337,231,102,0,61,229,81,0,2054,16.2,8515,11:16:00 PM,leclajo01
316,Guillaume Lefebvre,2002,2003,2,17,0,0,0,0,4,0,0,0,0,0,0,0,8,0,122,07:11:00 AM,lefebgu01
317,Jori Lehterä,2018,2019,2,89,4,7,11,-15,47,3,0,1,0,7,0,0,62,6.5,898,10:05:00 AM,lehtejo01
318,Taylor Leier,2016,2018,3,55,2,5,7,-8,10,2,0,0,0,5,0,0,58,3.4,546,09:56:00 AM,leierta01
319,Ville Leino,2010,2011,2,94,21,36,57,16,26,16,5,0,3,30,6,0,140,15,1462,03:33:00 PM,leinovi01
320,Brendan Lemieux,2023,2023,1,18,2,4,6,3,21,2,0,0,0,4,0,0,22,9.1,229,12:43:00 PM,lemiebr01
321,Bill Lesuk,1971,1972,2,123,24,25,49,-19,112,20,4,0,3,18,6,1,265,9.1,,,lesukbi01
322,Andreas Lilja,2012,2013,2,50,0,6,6,8,34,0,0,0,0,6,0,0,37,0,697,01:56:00 PM,liljaan01
323,Oskar Lindblom,2018,2022,5,263,50,47,97,-21,63,45,5,0,5,43,4,0,455,11,3726,02:10:00 PM,lindbos01
324,Eric Lindros*,1993,2000,8,486,290,369,659,188,946,202,82,6,37,246,121,2,1644,17.6,4245,33:42:00,lindrer01
325,Ken Linseman,1979,1990,5,269,73,184,257,49,585,62,7,4,6,132,51,1,595,12.3,,,linseke01
326,Andrei Lomakin,1992,1993,2,108,22,28,50,9,60,20,2,0,0,24,3,1,146,15.1,,,lomakan01
327,Ross Lonsberry,1972,1978,7,497,144,170,314,154,403,111,30,3,19,140,26,4,1240,11.6,,,lonsbro01
328,Danny Lucas,1979,1979,1,6,1,0,1,-2,0,1,0,0,0,0,0,0,8,12.5,,,lucasda02
329,Joffrey Lupul,2008,2009,2,135,45,51,96,3,93,32,13,0,7,28,23,0,370,12.2,2259,04:44:00 PM,lupuljo01
330,Olle Lycksell,2023,2024,2,9,0,1,1,-3,10,0,0,0,0,1,0,0,5,0,91,10:04:00 AM,lycksol01
331,Roman Lyubimov,2017,2017,1,47,4,2,6,-2,8,4,0,0,1,2,0,0,41,9.8,450,09:35:00 AM,lyubiro01
332,Al MacAdam,1974,1974,1,5,0,0,0,-2,0,0,0,0,0,0,0,0,2,0,,,macadal01
333,Andrew MacDonald,2014,2019,6,291,11,61,72,0,137,10,1,0,2,51,6,4,290,3.8,5691,07:33:00 PM,macdoan01
334,Zack MacEwen,2022,2023,2,121,7,11,18,-24,164,7,0,0,4,11,0,0,145,4.8,1291,10:40:00 AM,macewza01
335,Rick MacLeish,1971,1984,12,741,328,369,697,183,384,209,98,21,50,254,111,4,2403,13.6,,,macleri01
336,Ian MacNeil,2003,2003,1,2,0,0,0,1,0,0,0,0,0,0,0,0,2,0,20,10:08:00 AM,macneia01
337,Ralph MacSweyn,1968,1972,4,47,0,5,5,-3,10,0,0,0,0,4,0,1,24,0,,,macswra01
338,Craig MacTavish,1995,1996,2,100,8,17,25,-1,85,8,0,0,1,17,0,0,80,10,,,mactacr01
339,Kevin Maguire,1990,1990,1,5,1,0,1,-1,6,1,0,0,0,0,0,0,7,14.3,,,maguike01
340,Jim Mair,1971,1972,2,4,0,0,0,-3,0,0,0,0,0,0,0,0,9,0,,,mairji01
341,Vladimir Malakhov,2004,2004,1,6,0,1,1,-1,2,0,0,0,0,1,0,0,12,0,138,10:58:00 PM,malakvl01
342,Stewart Malgunas,1994,1995,2,71,1,3,4,1,90,1,0,0,0,3,0,0,55,1.8,,,malgust01
343,Kent Manderville,2000,2002,3,129,7,18,25,2,59,4,0,3,2,16,0,2,192,3.6,1491,11:34:00 AM,mandeke01
344,Mike Maneluk,1999,2000,2,14,2,6,8,4,12,2,0,0,0,5,1,0,25,8,190,01:35:00 PM,manelmi01
345,Brandon Manning,2012,2018,6,207,11,32,43,-2,212,10,0,1,4,31,1,0,283,3.9,3599,05:23:00 PM,mannibr01
346,Moe Mantha,1989,1992,2,35,3,8,11,-5,35,1,2,0,0,4,4,0,78,3.8,,,manthmo01
347,Danny Markov,2004,2004,1,34,2,3,5,0,58,1,1,0,1,2,1,0,27,7.4,723,09:16:00 PM,markoda01
348,Brad Marsh,1982,1988,7,514,14,96,110,98,636,13,0,1,3,89,3,4,524,2.7,,,marshbr01
349,Kevin Marshall,2012,2012,1,10,0,0,0,-1,8,0,0,0,0,0,0,0,6,0,88,08:46:00 AM,marshke01
350,Danick Martel,2018,2018,1,4,0,0,0,-1,0,0,0,0,0,0,0,0,6,0,41,10:13:00 AM,marteda01
351,Gerald Mayhew,2022,2022,1,25,6,0,6,-5,10,5,1,0,0,0,0,0,31,19.4,304,12:09:00 PM,mayhege01
352,Chris McAllister,2001,2003,3,121,2,7,9,-8,258,2,0,0,0,7,0,0,68,2.9,1263,10:26:00 AM,mcallch01
353,Dean McAmmond,2001,2001,1,10,1,1,2,-1,0,0,1,0,0,1,0,0,17,5.9,120,12:00:00 PM,mcammde01
354,Kevin McCarthy,1978,1987,4,90,3,17,20,30,57,3,0,0,0,16,0,1,107,2.8,,,mccarke01
355,Sandy McCarthy,1999,2000,2,71,6,6,12,-7,136,5,1,0,0,4,2,0,86,7,751,10:35:00 AM,mccarsa01
356,Brad McCrimmon,1983,1987,5,367,35,152,187,225,355,26,7,2,8,101,38,13,636,5.5,,,mccribr01
357,Colin McDonald,2016,2017,2,8,2,0,2,1,7,2,0,0,0,0,0,0,9,22.2,68,08:28:00 AM,mcdonco01
358,Ryan McGill,1993,1995,3,134,4,13,17,4,363,4,0,0,0,12,0,1,123,3.3,,,mcgilry01
359,Dan McGillis,1998,2003,6,340,32,108,140,65,303,16,16,0,10,52,53,3,705,4.5,7284,10:17:00 PM,mcgilda01
360,Tye McGinn,2013,2014,2,36,7,3,10,-1,23,7,0,0,1,3,0,0,49,14.3,430,11:57:00 AM,mcginty01
361,Jack McIlhargey,1975,1981,5,128,3,7,10,25,497,3,0,0,0,7,0,0,66,4.5,,,mcilhja01
362,Evgeny Medvedev,2016,2016,1,45,4,8,12,5,34,3,1,0,1,6,2,0,71,5.6,847,06:50:00 PM,medveev01
363,Gerry Meehan,1969,1969,1,12,0,3,3,-1,4,0,0,0,0,2,1,0,25,0,,,meehage01
364,Scott Mellanby,1986,1991,6,355,83,114,197,-10,694,59,24,0,12,85,28,1,779,10.7,,,mellasc01
365,Éric Meloche,2007,2007,1,13,1,2,3,-6,4,0,1,0,0,2,0,0,12,8.3,109,08:21:00 AM,melocer01
366,Andrej Meszároš,2011,2014,4,192,20,56,76,28,116,15,5,0,4,50,6,0,338,5.9,3855,08:05:00 PM,meszaan01
367,Victor Mete,2024,2024,1,1,0,0,0,0,0,0,0,0,0,0,0,0,0,,11,10:52:00 AM,metevi01
368,Glen Metropolit,2009,2009,1,55,4,10,14,-1,15,3,1,0,0,9,0,1,63,6.3,714,12:59:00 PM,metrogl01
369,Freddy Meyer,2004,2007,3,83,8,24,32,6,47,5,3,0,0,8,16,0,96,8.3,1503,06:06:00 PM,meyerfr01
370,Dave Michayluk,1982,1983,2,14,2,6,8,-1,8,2,0,0,0,5,1,0,18,11.1,,,michada01
371,Larry Mickey,1972,1972,1,14,1,2,3,-6,8,0,1,0,0,1,1,0,22,4.5,,,mickela01
372,John Miszuk,1968,1969,2,140,6,30,36,-4,149,3,2,1,1,25,4,1,148,4.1,,,miszujo01
373,Jaroslav Modrý,2008,2008,1,19,0,3,3,-11,8,0,0,0,0,2,1,0,17,0,392,08:38:00 PM,modryja01
374,Carl Mokosak,1986,1986,1,1,0,0,0,0,5,0,0,0,0,0,0,0,0,,,,mokosca01
375,Jim Montgomery,1995,1996,2,13,2,3,5,-1,15,2,0,0,0,2,1,0,14,14.3,,,montgji01
376,Samuel Morin,2017,2021,5,29,1,0,1,-10,45,1,0,0,1,0,0,0,22,4.5,328,11:18:00 AM,morinsa01
377,Gary Morrison,1980,1982,3,43,1,15,16,5,70,1,0,0,1,15,0,0,27,3.7,,,morriga01
378,Lew Morrison,1970,1972,3,202,19,22,41,-33,70,15,4,0,3,21,0,1,316,6,,,morrile01
379,Glenn Mulvenna,1993,1993,1,1,0,0,0,0,2,0,0,0,0,0,0,0,1,0,,,mulvegl01
380,Gord Murphy,1989,1992,4,261,31,97,128,-21,254,18,13,0,4,44,53,0,529,5.9,,,murphgo01
381,Marty Murray,2002,2003,2,150,23,30,53,9,23,19,2,2,2,26,3,1,214,10.7,1971,01:08:00 PM,murrama01
382,Mike Murray,1988,1988,1,1,0,0,0,0,0,0,0,0,0,0,0,0,1,0,,,murrami02
383,Pat Murray,1991,1992,2,25,3,1,4,-2,15,2,1,0,0,1,0,0,24,12.5,,,murrapa01
384,Terry Murray,1976,1981,4,115,1,30,31,68,69,1,0,0,0,26,4,0,103,1,,,murrate01
385,Philippe Myers,2019,2021,3,115,6,23,29,2,54,6,0,0,0,23,0,0,180,3.3,2008,05:28:00 PM,myersph01
386,Brantt Myhres,1998,1998,1,23,0,0,0,-1,169,0,0,0,0,0,0,0,0,,58,,myhrebr01
387,Don Nachbaur,1986,1990,5,65,2,8,10,6,192,2,0,0,0,8,0,0,37,5.4,,,nachbdo01
388,Ric Nattress,1993,1993,1,44,7,10,17,1,29,7,0,0,4,10,0,0,57,12.3,,,nattrri01
389,Petr Nedvěd,2006,2007,2,49,6,15,21,-28,54,4,2,0,0,8,6,1,65,9.2,819,04:43:00 PM,nedvepe01
390,Kris Newbury,2014,2014,1,4,0,1,1,0,7,0,0,0,0,1,0,0,1,0,20,05:02:00 AM,newbukr01
391,Janne Niinimaa,1997,1998,2,143,7,71,78,18,114,4,3,0,3,31,40,0,256,2.7,1366,,niinija01
392,Matt Niskanen,2020,2020,1,68,8,25,33,15,29,3,4,1,0,16,9,0,126,6.3,1490,09:54:00 PM,niskama01
393,Andreas Nödl,2009,2012,4,127,12,16,28,-4,20,10,1,1,2,16,0,0,141,8.5,1526,12:01:00 PM,nodlan01
394,Simon Nolet,1968,1974,7,358,93,108,201,28,129,68,25,0,11,70,38,0,861,10.8,,,noletsi01
395,Sean O'Donnell,2011,2011,1,81,1,17,18,8,87,1,0,0,0,16,0,1,34,2.9,1259,03:33:00 PM,odonnse01
396,Will O'Neill,2018,2018,1,1,0,0,0,0,0,0,0,0,0,0,0,0,3,0,9,09:25:00 AM,oneilwi01
397,Adam Oates*,2002,2002,1,14,3,7,10,-2,6,3,0,0,0,3,4,0,17,17.6,292,08:51:00 PM,oatesad01
398,Gino Odjick,2000,2001,2,30,4,4,8,2,38,4,0,0,1,4,0,0,45,8.9,263,08:46:00 AM,odjicgi01
399,Johnny Oduya,2018,2018,1,1,0,0,0,-1,0,0,0,0,0,0,0,0,1,0,12,12:22:00 PM,oduyajo01
400,Randy Osburn,1975,1975,1,1,0,0,0,0,0,0,0,0,0,0,0,0,0,,,,osburra01
401,Joel Otto,1996,1998,3,213,28,52,80,21,292,20,6,2,3,39,8,5,249,11.2,738,,ottojo01
402,John Paddock,1977,1983,3,47,5,8,13,-10,49,5,0,0,0,8,0,0,46,10.9,,,paddojo01
403,Rosaire Paiement,1968,1970,3,44,4,5,9,-14,74,4,0,0,0,5,0,0,98,4.1,,,paiemro01
404,Ryan Parent,2007,2010,4,102,1,6,7,-15,36,1,0,0,0,6,0,0,46,2.2,1617,03:51:00 PM,parenry01
405,Michel Parizeau,1972,1972,1,37,2,12,14,-6,10,1,1,0,1,9,3,0,39,5.1,,,parizmi01
406,Richard Park,1999,1999,1,7,0,0,0,-1,0,0,0,0,0,0,0,0,5,0,65,09:21:00 AM,parkri01
407,Greg Paslawski,1993,1993,1,60,14,19,33,0,12,10,4,0,0,16,3,0,90,15.6,,,paslagr01
408,Joe Paterson,1985,1986,2,11,0,0,0,1,43,0,0,0,0,0,0,0,8,0,,,paterjo01
409,Nolan Patrick,2018,2021,3,197,30,40,70,-37,77,22,8,0,5,35,5,0,291,10.3,2778,02:06:00 PM,patrino01
410,Dennis Patterson,1980,1980,1,3,0,1,1,-1,0,0,0,0,0,1,0,0,3,0,,,pattede01
411,Mark Pederson,1991,1993,3,84,20,30,50,4,33,14,6,0,3,19,11,0,129,15.5,,,pederma01
412,Roger Pelletier,1968,1968,1,1,0,0,0,0,0,0,0,0,0,0,0,0,0,,,,pellero01
413,Mike Peluso,2004,2004,1,1,0,0,0,0,0,0,0,0,0,0,0,0,2,0,10,09:34:00 AM,pelusmi02
414,Garry Peters,1968,1971,4,229,27,28,55,-44,209,21,3,3,5,23,3,2,483,5.6,,,peterga01
415,Michel Petit,1997,1997,1,20,0,3,3,2,51,0,0,0,0,3,0,0,13,0,,,petitmi01
416,Alexandre Picard,2006,2008,3,72,3,19,22,-24,23,2,1,0,0,13,6,0,68,4.4,1255,05:26:00 PM,picaral01
417,Michel Picard,2001,2001,1,7,1,4,5,6,0,0,1,0,0,3,1,0,12,8.3,100,02:14:00 PM,picarmi01
418,Joni Pitkänen,2004,2007,3,206,25,91,116,12,210,14,11,0,5,45,43,3,388,6.4,4443,09:34:00 PM,pitkajo01
419,Tyler Pitlick,2020,2020,1,63,8,12,20,11,12,8,0,0,1,12,0,0,76,10.5,759,12:03:00 PM,pitlity01
420,Derek Plante,2001,2001,1,12,1,2,3,0,4,1,0,0,0,2,0,0,20,5,198,04:30:00 PM,plantde01
421,Pierre Plante,1972,1973,2,26,1,3,4,-9,15,1,0,0,0,3,0,0,29,3.4,,,plantpi01
422,Václav Pletka,2002,2002,1,1,0,0,0,0,0,0,0,0,0,0,0,0,2,0,12,11:34:00 AM,pletkva01
423,Shjon Podein,1995,1999,5,301,44,48,92,36,216,38,1,5,11,41,4,3,468,9.4,1313,93:45:00,podeish01
424,Ryan Poehling,2024,2024,1,32,4,7,11,-5,4,3,0,1,1,6,0,1,43,9.3,444,01:52:00 PM,poehlry01
425,Ryan Potulny,2006,2008,3,44,7,7,14,2,26,7,0,0,2,5,2,0,61,11.5,443,10:04:00 AM,potulry01
426,Jean Potvin,1972,1973,2,64,6,21,27,-7,16,3,3,0,2,4,17,0,50,12,,,potvije01
427,Dave Poulin,1983,1990,8,467,161,233,394,172,303,122,12,27,27,183,24,26,959,16.8,,,poulida02
428,Darroll Powe,2009,2011,3,204,22,21,43,-14,130,20,0,2,2,20,0,1,262,8.4,2389,11:43:00 AM,poweda01
429,Yves Preston,1979,1981,2,28,7,3,10,-1,4,6,1,0,2,2,1,0,20,35,,,prestyv01
430,Keith Primeau,2000,2006,6,312,87,126,213,39,414,62,24,1,14,96,24,6,636,13.7,5756,06:27:00 PM,primeke02
431,David Printz,2006,2007,2,13,0,0,0,-3,4,0,0,0,0,0,0,0,1,0,84,06:29:00 AM,printda01
432,Chris Pronger*,2010,2012,3,145,15,77,92,30,133,6,9,0,3,36,39,2,310,4.8,3543,24:26:00,prongch01
433,Brian Propp,1980,1990,11,790,369,480,849,299,664,246,103,20,55,295,161,24,2645,14,,,proppbr01
434,Vinny Prospal,1997,2008,3,77,14,33,47,0,27,9,5,0,1,22,11,0,135,10.4,806,44:46:00,prospva01
435,Nate Prosser,2021,2021,1,6,1,1,2,-7,0,1,0,0,0,1,0,0,5,20,78,01:03:00 PM,prossna01
436,Ivan Provorov,2017,2023,7,532,65,152,217,-28,196,55,10,0,11,110,37,5,1070,6.1,12810,24:05:00,provoiv01
437,Mika Pyörälä,2010,2010,1,36,2,2,4,-3,10,2,0,0,0,2,0,0,41,4.9,489,01:36:00 PM,pyorami01
438,Dan Quinn,1992,1996,2,102,18,40,58,-11,48,9,9,0,1,23,17,0,148,12.2,,,quinnda01
439,Yves Racine,1994,1994,1,67,9,43,52,-11,48,3,5,1,1,16,27,0,142,6.3,,,racinyv01
440,Branko Radivojevič,2004,2006,2,88,9,14,23,-6,80,8,1,0,1,10,4,0,108,8.3,1068,12:08:00 PM,radivbr01
441,Nate Raduns,2009,2009,1,1,0,0,0,0,0,0,0,0,0,0,0,0,0,,6,06:02:00 AM,radunna01
442,Michael Raffl,2014,2021,8,504,81,79,160,11,212,74,4,3,20,77,2,0,688,11.8,6617,01:08:00 PM,rafflmi01
443,Marcus Ragnarsson,2003,2004,2,113,9,15,24,17,90,6,3,0,2,8,6,1,134,6.7,2374,09:01:00 PM,ragnama01
444,Rob Ramage,1994,1994,1,15,0,1,1,-11,14,0,0,0,0,1,0,0,18,0,,,ramagro01
445,Paul Ranheim,2001,2003,3,187,15,15,30,3,56,12,1,2,0,12,0,3,235,6.4,2102,11:14:00 AM,ranhepa01
446,Isaac Ratcliffe,2022,2022,1,10,1,3,4,-1,10,1,0,0,0,1,2,0,14,7.1,107,10:45:00 AM,ratclis01
447,Mike Rathje,2006,2007,2,97,3,22,25,15,52,1,1,1,1,19,3,0,68,4.4,1965,08:15:00 PM,rathjmi01
448,Matt Read,2012,2018,7,437,87,100,187,2,81,69,11,7,17,79,19,2,755,11.5,7201,04:29:00 PM,readma01
449,Ryan Ready,2006,2006,1,7,0,1,1,0,0,0,0,0,0,1,0,0,9,0,57,08:08:00 AM,readyry01
450,Mark Recchi*,1992,2004,10,602,232,395,627,43,388,148,74,10,39,232,156,7,1538,15.1,8022,07:57:00 PM,recchma01
451,Darren Reid,2007,2007,1,14,0,0,0,-7,18,0,0,0,0,0,0,0,8,0,114,08:11:00 AM,reidda03
452,Mikael Renberg,1994,2000,6,366,128,168,296,78,210,94,34,0,16,126,42,0,1003,12.8,1570,02:32:00 PM,renbemi01
453,Mike Ricci,1991,1992,2,146,41,56,97,-18,157,19,20,2,4,39,16,1,270,15.2,,,riccimi01
454,Mike Richards,2006,2011,6,453,133,216,349,39,397,74,36,23,21,115,92,9,1169,11.4,8757,07:20:00 PM,richami02
455,Luke Richardson,1998,2002,5,387,7,28,35,59,618,4,2,1,1,27,0,1,296,2.4,6981,10:49:00 PM,richalu01
456,Dave Richter,1986,1986,1,50,0,2,2,-1,138,0,0,0,0,2,0,0,17,0,,,richtda01
457,Zac Rinaldo,2012,2015,4,223,8,16,24,-30,572,8,0,0,1,16,0,0,168,4.8,1795,08:03:00 AM,rinalza01
458,Rasmus Ristolainen,2022,2024,3,157,6,33,39,-15,74,4,1,1,0,26,5,2,207,2.9,3124,07:54:00 PM,ristora01
459,Bob Ritchie,1977,1977,1,1,0,0,0,0,0,0,0,0,0,0,0,0,1,0,,,ritchbo01
460,Gordie Roberts,1988,1988,1,11,1,2,3,7,15,1,0,0,0,2,0,0,9,11.1,,,robergo02
461,Randy Robitaille,2007,2007,1,28,5,12,17,-4,22,3,2,0,0,7,5,0,46,10.9,408,02:34:00 PM,robitra01
462,Leon Rochefort,1968,1969,2,139,35,42,77,-8,26,26,7,2,1,23,19,0,385,9.1,,,rochele01
463,Jeremy Roenick,2002,2004,3,216,67,106,173,53,211,42,23,2,10,71,32,3,492,13.6,3945,06:16:00 PM,roenije01
464,Russell Romaniuk,1996,1996,1,17,3,0,3,-2,17,2,1,0,0,0,0,0,13,23.1,,,romanru01
465,Bill Root,1988,1988,1,24,1,2,3,3,16,0,1,0,0,2,0,0,13,7.7,,,rootbi01
466,Jay Rosehill,2013,2014,2,45,3,0,3,-12,154,3,0,0,1,0,0,0,21,14.3,243,05:24:00 AM,rosehja01
467,Jared Ross,2009,2010,2,13,0,0,0,-5,2,0,0,0,0,0,0,0,16,0,100,07:43:00 AM,rossja01
468,Magnus Roupé,1988,1989,2,40,3,5,8,-5,42,2,1,0,0,4,1,0,52,5.8,,,roupema01
469,German Rubtsov,2020,2020,1,4,0,0,0,-1,0,0,0,0,0,0,0,0,1,0,27,06:48:00 AM,rubtsge01
470,Darren Rumble,1991,1997,3,18,1,0,1,-1,4,1,0,0,0,0,0,0,18,5.6,,,rumblda01
471,Štefan Ružička,2006,2008,3,55,4,13,17,-1,47,3,1,0,0,9,4,0,86,4.7,635,11:33:00 AM,ruzicst01
472,Shaun Sabol,1990,1990,1,2,0,0,0,0,0,0,0,0,0,0,0,0,2,0,,,sabolsh01
473,Joe Sacco,2003,2003,1,34,1,5,6,0,20,1,0,0,1,5,0,0,48,2.1,424,12:27:00 PM,saccojo01
474,Don Saleski,1972,1979,8,476,118,117,235,100,602,95,12,11,20,106,8,3,1048,11.3,,,salesdo01
475,Kjell Samuelsson,1987,1998,9,545,35,106,141,101,815,30,4,1,5,88,16,2,579,6,822,,samuekj01
476,Ulf Samuelsson,2000,2000,1,49,1,2,3,8,58,1,0,0,1,2,0,0,17,5.9,768,03:40:00 PM,samueul01
477,Scott Sandelin,1991,1991,1,15,0,3,3,-3,0,0,0,0,0,2,1,0,4,0,,,sandesc01
478,Geoff Sanderson,2007,2007,1,58,11,18,29,-16,44,8,3,0,2,13,4,1,143,7.7,811,01:59:00 PM,sandege01
479,Linus Sandin,2022,2022,1,1,0,0,0,0,0,0,0,0,0,0,0,0,1,0,7,06:59:00 AM,sandili01
480,Travis Sanheim,2018,2024,7,452,40,124,164,-35,195,37,2,1,7,110,12,2,703,5.7,9345,08:40:00 PM,sanhetr01
481,Dick Sarrazin,1969,1972,3,100,20,35,55,-9,22,11,8,1,3,23,10,2,198,10.1,,,sarradi01
482,Andre Savage,2003,2003,1,16,2,1,3,2,4,2,0,0,1,1,0,0,13,15.4,125,07:49:00 AM,savagan01
483,Brian Savage,2006,2006,1,66,9,5,14,-18,28,4,4,1,1,4,1,0,102,8.8,879,01:19:00 PM,savagbr01
484,Luca Sbisa,2009,2009,1,39,0,7,7,-6,36,0,0,0,0,3,4,0,38,0,682,05:29:00 PM,sbisalu01
485,Brayden Schenn,2012,2017,6,424,109,137,246,-30,217,64,45,0,27,89,48,0,866,12.6,6943,04:22:00 PM,schenbr01
486,Luke Schenn,2013,2016,4,213,12,30,42,-6,140,12,0,0,0,29,0,1,245,4.9,3892,06:16:00 PM,schenlu01
487,Cliff Schmautz,1971,1971,1,31,8,12,20,3,23,8,0,0,2,6,6,0,65,12.3,,,schmacl01
488,Danny Schock,1971,1971,1,14,1,2,3,1,0,1,0,0,0,2,0,0,7,14.3,,,schocda01
489,Dave Schultz,1972,1976,5,297,51,64,115,70,1386,49,2,0,8,62,2,0,342,14.9,,,schulda01
490,Nick Schultz,2015,2017,3,189,3,26,29,2,99,3,0,0,1,25,1,0,164,1.8,3405,06:01:00 PM,schulni01
491,Glen Seabrooke,1987,1989,3,19,1,6,7,0,4,1,0,0,0,4,2,0,13,7.7,,,seabrgl01
492,Al Secord,1989,1989,1,20,1,0,1,-7,38,1,0,0,0,0,0,0,15,6.7,,,secoral01
493,Lukáš Sedlák,2023,2023,1,27,3,5,8,3,12,3,0,0,0,4,0,1,43,7,343,12:42:00 PM,sedlalu01
494,Nick Seeler,2022,2024,3,157,5,19,24,11,142,5,0,0,0,16,0,3,153,3.3,2311,02:43:00 PM,seeleni01
495,Dennis Seidenberg,2003,2006,3,92,6,14,20,0,26,4,2,0,0,10,3,1,171,3.5,1480,04:05:00 PM,seidede01
496,Brit Selby,1968,1969,2,119,25,28,53,-14,47,20,5,0,4,23,4,1,204,12.3,,,selbybr01
497,Anatoli Semenov,1995,1996,2,70,4,15,19,1,20,4,0,0,2,14,1,0,91,4.4,,,semenan01
498,Tom Sestito,2012,2013,2,21,2,1,3,-2,95,2,0,0,1,1,0,0,7,28.6,137,06:31:00 AM,sestito01
499,Patrick Sharp,2003,2006,3,66,10,5,15,1,67,9,1,0,4,5,0,0,80,12.5,595,09:01:00 AM,sharppa01
500,Jody Shelley,2011,2013,3,89,2,3,5,-6,191,2,0,0,0,3,0,0,50,4,536,06:01:00 AM,shelljo01
501,Mike Siklenka,2003,2003,1,1,0,0,0,0,0,0,0,0,0,0,0,0,1,0,4,04:26:00 AM,siklemi01
502,Mike Sillinger,1998,1999,2,52,11,14,25,-6,24,8,1,2,0,10,4,0,63,17.5,737,29:28:00,sillimi01
503,Jon Sim,2006,2006,1,39,7,7,14,-6,28,3,4,0,2,7,0,0,80,8.8,428,10:59:00 AM,simjo01
504,Wayne Simmonds,2012,2019,8,584,203,175,378,-78,784,109,91,3,34,115,60,0,1469,13.8,9978,05:05:00 PM,simmowa01
505,Reid Simpson,1992,1992,1,1,0,0,0,0,0,0,0,0,0,0,0,0,0,,,,simpsre01
506,Ilkka Sinisalo,1982,1990,9,526,199,210,409,132,180,142,46,11,30,143,57,10,1076,18.5,,,sinisil01
507,Bob Sirois,1975,1976,2,4,1,0,1,1,4,1,0,0,0,0,0,0,3,33.3,,,siroibo01
508,Darryl Sittler*,1982,1984,3,191,84,94,178,29,148,56,26,2,13,70,20,4,558,15.1,,,sittlda01
509,Jarrod Skalde,2002,2002,1,1,0,0,0,0,2,0,0,0,0,0,0,0,5,0,12,12:25:00 PM,skaldja01
510,Wade Skolney,2006,2006,1,1,0,0,0,0,2,0,0,0,0,0,0,0,0,,7,06:52:00 AM,skolnwa01
511,John Slaney,2002,2004,2,5,0,2,2,2,0,0,0,0,0,1,1,0,1,0,78,03:37:00 PM,slanejo01
512,David Sloane,2009,2009,1,1,0,0,0,0,0,0,0,0,0,0,0,0,0,,7,06:44:00 AM,sloanda01
513,Derrick Smith,1985,1991,7,494,80,87,167,-3,338,77,0,3,12,83,1,3,841,9.5,,,smithde04
514,Jason Smith,2008,2008,1,77,1,9,10,-4,86,1,0,0,0,9,0,0,58,1.7,1381,05:56:00 PM,smithja01
515,Steve Smith,1982,1987,4,14,0,1,1,0,15,0,0,0,0,1,0,0,12,0,,,smithst04
516,Greg Smyth,1987,1988,2,49,1,6,7,-4,192,1,0,0,0,6,0,0,30,3.3,,,smythgr01
517,Dave Snuggerud,1993,1993,1,14,0,2,2,0,0,0,0,0,0,2,0,0,10,0,,,snuggda01
518,Radovan Somík,2003,2004,2,113,12,20,32,7,27,11,0,1,2,20,0,0,136,8.8,1533,01:34:00 PM,somikra01
519,Bruno St. Jacques,2002,2003,2,13,0,0,0,3,4,0,0,0,0,0,0,0,9,0,184,02:11:00 PM,stjacbr01
520,Marc Staal,2024,2024,1,15,1,1,2,1,8,1,0,0,0,1,0,0,6,16.7,201,01:22:00 PM,staalma01
521,Myron Stankiewicz,1969,1969,1,19,0,5,5,-11,25,0,0,0,0,5,0,0,43,0,,,stankmy01
522,Allan Stanley*,1969,1969,1,64,4,13,17,-5,28,2,2,0,0,4,7,2,75,5.3,,,stanlal01
523,Daryl Stanley,1984,1987,3,89,2,8,10,8,216,2,0,0,2,8,0,0,41,4.9,,,stanlda01
524,John Stevens,1987,1988,2,9,0,2,2,-1,14,0,0,0,0,1,1,0,2,0,,,stevejo01
525,Kevin Stevens,2001,2001,1,23,2,7,9,-2,18,2,0,0,0,7,0,0,31,6.5,293,12:43:00 PM,steveke01
526,Turner Stevenson,2006,2006,1,31,1,3,4,-2,45,0,0,1,0,2,0,1,26,3.8,258,08:20:00 AM,stevetu01
527,Chris Stewart,2020,2020,1,16,0,1,1,-7,21,0,0,0,0,1,0,0,5,0,124,07:47:00 AM,stewach02
528,P.J. Stock,2001,2001,1,31,1,3,4,-2,78,1,0,0,0,3,0,0,18,5.6,242,07:48:00 AM,stockpj01
529,Mike Stothers,1985,1988,4,12,0,1,1,-1,23,0,0,0,0,1,0,0,3,0,,,stothmi01
530,Petr Straka,2015,2015,1,3,0,2,2,1,0,0,0,0,0,2,0,0,2,0,28,09:27:00 AM,strakpe01
531,Art Stratton,1968,1968,1,12,0,4,4,-4,4,0,0,0,0,2,2,0,18,0,,,stratar01
532,Mark Streit,2014,2017,4,274,30,110,140,-16,120,19,11,0,4,60,50,0,463,6.5,5811,09:12:00 PM,streima01
533,Doug Sulliman,1989,1990,2,80,9,10,19,-4,8,8,0,1,1,9,0,1,80,11.3,,,sullido01
534,Maksim Sushko,2021,2021,1,2,0,0,0,-1,0,0,0,0,0,0,0,0,0,,19,09:34:00 AM,sushkma01
535,Bill Sutherland,1968,1971,4,124,42,29,71,4,40,29,10,3,6,23,5,1,224,18.8,,,suthebi01
536,Rich Sutter,1984,1986,3,204,36,47,83,41,381,34,2,0,3,46,1,0,317,11.4,,,sutteri01
537,Ron Sutter,1983,1991,9,555,137,223,360,68,856,117,14,6,23,199,14,10,1027,13.3,,,suttero01
538,Mark Suzor,1977,1977,1,4,0,1,1,2,4,0,0,0,0,1,0,0,4,0,,,suzorma01
539,Petr Svoboda,1995,1999,5,232,10,60,70,62,320,5,4,1,1,38,22,0,225,4.4,1560,62:25:00,svobope01
540,George Swarbrick,1971,1971,1,2,0,0,0,0,0,0,0,0,0,0,0,0,4,0,,,swarbge01
541,Michal Sýkora,2001,2001,1,49,5,11,16,9,26,3,1,1,1,7,4,0,71,7,806,04:27:00 PM,sykormi01
542,Danny Syvret,2009,2011,3,27,2,2,4,0,14,2,0,0,0,2,0,0,17,11.8,333,12:19:00 PM,syvreda01
543,Maxime Talbot,2012,2014,3,127,25,21,46,8,84,21,1,3,2,19,1,1,170,14.7,2003,03:46:00 PM,talboma01
544,Mark Taylor,1982,1984,3,64,8,25,33,24,24,7,0,1,3,21,4,0,73,11,,,tayloma01
545,Dmitri Tertyshny,1999,1999,1,62,2,8,10,-1,30,1,1,0,0,5,3,0,68,2.9,1150,06:33:00 PM,tertydm01
546,Chris Therien,1995,2006,11,753,29,130,159,126,583,19,8,2,6,114,10,6,1002,2.9,10526,10:12:00 PM,therich01
547,Nate Thompson,2020,2022,2,40,1,3,4,-14,40,1,0,0,0,3,0,0,28,3.6,483,12:05:00 PM,thompna01
548,Patrick Thoresen,2008,2008,1,21,0,5,5,-6,8,0,0,0,0,5,0,0,21,0,264,12:36:00 PM,thorepa01
549,Billy Tibbetts,2002,2002,1,9,0,1,1,-3,69,0,0,0,0,1,0,0,6,0,60,06:41:00 AM,tibbebi01
550,Brad Tiley,2001,2001,1,2,0,0,0,-1,0,0,0,0,0,0,0,0,1,0,32,03:46:00 PM,tileybr01
551,Mattias Timander,2004,2004,1,34,1,4,5,13,19,0,0,1,0,4,0,0,43,2.3,626,06:25:00 PM,timanma01
552,Jussi Timonen,2007,2007,1,14,0,4,4,-10,6,0,0,0,0,4,0,0,8,0,199,02:11:00 PM,timonju01
553,Kimmo Timonen,2008,2014,7,519,38,232,270,44,304,18,15,5,4,93,135,4,857,4.4,11652,10:27:00 PM,timonki01
554,Dave Tippett,1994,1994,1,73,4,11,15,-20,38,2,0,2,1,11,0,0,45,8.9,,,tippeda01
555,Owen Tippett,2022,2024,3,135,43,35,78,-22,20,33,10,0,6,29,6,0,409,10.5,2232,04:32:00 PM,tippeow01
556,Rick Tocchet,1985,2002,11,621,232,276,508,59,1815,163,64,5,22,210,64,2,1474,15.7,1286,02:17:00 PM,tocchri01
557,Ole-Kristian Tollefsen,2010,2010,1,18,0,2,2,1,23,0,0,0,0,2,0,0,12,0,177,09:52:00 AM,tolleol01
558,Denis Tolpeko,2008,2008,1,26,1,5,6,-4,24,1,0,0,0,4,1,0,24,4.2,215,08:17:00 AM,tolpede01
559,Tim Tookey,1987,1987,1,2,0,0,0,0,0,0,0,0,0,0,0,0,1,0,,,tooketi01
560,Carsen Twarynski,2020,2021,2,22,1,0,1,-5,6,1,0,0,0,0,0,0,18,5.6,222,10:06:00 AM,twaryca01
561,R.J. Umberger,2006,2016,5,334,60,82,142,-31,112,44,14,2,6,60,14,8,589,10.2,4787,02:20:00 PM,umberrj01
562,Scottie Upshall,2007,2009,3,134,27,37,64,11,145,20,6,1,3,32,5,0,314,8.6,1866,01:56:00 PM,upshasc01
563,Ossi Väänänen,2009,2009,1,46,1,9,10,7,22,1,0,0,0,7,0,2,18,5.6,849,06:28:00 PM,vaanaos01
564,Ed Van Impe,1968,1976,9,620,19,107,126,68,891,14,5,0,2,94,10,3,723,2.6,,,vanimed01
565,James van Riemsdyk,2010,2023,8,527,146,151,297,-26,182,104,42,0,23,130,21,0,1222,11.9,8017,03:13:00 PM,vanrija01
566,Jim Vandermeer,2003,2008,3,75,6,8,14,3,79,5,1,0,1,6,1,1,72,8.3,1240,04:32:00 PM,vandeji01
567,Chris VandeVelde,2014,2017,4,250,17,28,45,-21,77,16,0,1,0,27,1,0,224,7.6,2991,11:58:00 AM,vandech01
568,Phil Varone,2019,2019,1,47,3,4,7,-2,8,3,0,0,0,4,0,0,34,8.8,372,07:55:00 AM,varonph01
569,Mike Vecchione,2017,2017,1,2,0,0,0,-1,0,0,0,0,0,0,0,0,1,0,17,08:30:00 AM,vecchmi01
570,Kris Versteeg,2011,2011,1,27,7,4,11,4,24,5,1,1,0,4,0,0,52,13.5,415,03:22:00 PM,verstkr01
571,Dennis Ververgaert,1979,1980,2,95,23,24,47,5,30,21,2,0,3,21,3,0,150,15.3,,,vervede01
572,Claude Vilgrain,1994,1994,1,2,0,0,0,-1,0,0,0,0,0,0,0,0,0,,,,vilgrcl01
573,Roman Vopat,1999,1999,1,48,0,3,3,-3,80,0,0,0,0,3,0,0,25,0,269,05:36:00 AM,vopatro01
574,Jakub Voráček,2012,2021,10,727,177,427,604,-17,385,131,46,0,25,265,162,0,1915,9.2,13084,06:00:00 PM,voracja01
575,Mikhail Vorobyev,2019,2020,2,35,2,3,5,-5,8,2,0,0,0,3,0,0,25,8,349,09:58:00 AM,vorobmi01
576,Matt Walker,2011,2012,2,8,0,0,0,-2,20,0,0,0,0,0,0,0,5,0,90,11:18:00 AM,walkema01
577,Sean Walker,2024,2024,1,37,4,8,12,6,20,2,0,2,1,6,1,1,64,6.3,761,08:35:00 PM,walkese01
578,Wes Walz,1992,1992,1,2,1,0,1,1,0,1,0,0,1,0,0,0,2,50,,,walzwe01
579,Todd Warriner,2003,2003,1,13,2,3,5,2,6,2,0,0,1,2,1,0,13,15.4,110,08:30:00 AM,warrito01
580,Steve Washburn,2000,2001,2,4,0,0,0,0,0,0,0,0,0,0,0,0,1,0,36,08:55:00 AM,washbst01
581,Jimmy Watson,1973,1982,10,613,38,148,186,295,492,32,3,3,5,131,14,3,794,4.8,,,watsoji02
582,Joe Watson,1968,1978,11,746,36,162,198,188,399,34,2,0,7,140,14,8,968,3.7,,,watsojo01
583,Jordan Weal,2016,2019,4,124,19,23,42,-9,38,15,4,0,2,21,2,0,187,10.2,1663,01:25:00 PM,wealjo01
584,Eric Weinrich,2002,2004,3,215,8,45,53,54,98,5,2,1,3,36,7,2,261,3.1,4607,09:26:00 PM,weinrer01
585,Dale Weise,2017,2019,3,152,17,17,34,-12,75,15,1,1,3,16,1,0,191,8.9,1821,11:59:00 AM,weiseda01
586,Jay Wells,1989,1990,2,126,5,35,40,1,313,5,0,0,1,22,13,0,143,3.5,,,wellsja01
587,Eric Wellwood,2011,2013,3,31,5,5,10,13,4,5,0,0,1,4,0,1,46,10.9,341,11:00:00 AM,wellwer01
588,Brian Wesenberg,1999,1999,1,1,0,0,0,1,5,0,0,0,0,0,0,0,0,,1,01:08:00 AM,wesenbr01
589,Blake Wesley,1980,1981,2,52,3,8,11,10,109,1,2,0,1,5,3,0,57,5.3,,,weslebl01
590,Peter White,1999,2004,4,104,10,21,31,1,24,9,1,0,1,17,2,2,94,10.6,1295,12:27:00 PM,whitepe01
591,Ryan White,2015,2016,2,107,17,11,28,-5,131,14,3,0,1,10,0,1,133,12.8,1316,12:18:00 PM,whitery01
592,Todd White,2000,2000,1,3,1,0,1,-1,0,1,0,0,0,0,0,0,4,25,31,10:29:00 AM,whiteto02
593,Bob Wilkie,1994,1994,1,10,1,3,4,-2,8,1,0,0,0,2,1,0,10,10,,,wilkibo01
594,Gord Williams,1982,1983,2,2,0,0,0,0,2,0,0,0,0,0,0,0,2,0,,,willigo01
595,Justin Williams,2001,2004,4,226,43,72,115,42,108,40,3,0,4,62,9,1,473,9.1,3256,02:24:00 PM,williju01
596,Maxwell Willman,2022,2023,2,50,4,2,6,-16,20,4,0,0,0,2,0,0,74,5.4,563,11:16:00 AM,willmma01
597,Behn Wilson,1979,1983,5,339,59,155,214,83,873,37,20,2,10,98,54,3,753,7.8,,,wilsobe02
598,Chris Winnes,1994,1994,1,4,0,2,2,1,0,0,0,0,0,2,0,0,4,0,,,winnech01
599,Jamie Wright,2003,2003,1,4,0,0,0,-1,4,0,0,0,0,0,0,0,2,0,38,09:27:00 AM,wrighja01
600,Keith Wright,1968,1968,1,1,0,0,0,1,0,0,0,0,0,0,0,0,1,0,,,wrighke01
601,Larry Wright,1972,1976,3,38,1,2,3,-8,6,1,0,0,0,2,0,0,30,3.3,,,wrighla01
602,Keith Yandle,2022,2022,1,77,1,18,19,-47,14,0,1,0,0,8,10,0,105,1,1076,01:59:00 PM,yandlke01
603,Cameron York,2021,2024,4,124,10,33,43,-22,48,9,1,0,1,24,8,1,131,7.6,2530,08:24:00 PM,yorkca01
604,Mike York,2007,2007,1,34,4,4,8,-9,8,4,0,0,1,4,0,0,41,9.8,352,10:22:00 AM,yorkmi01
605,Tim Young,1985,1985,1,20,2,6,8,2,12,2,0,0,1,6,0,0,26,7.7,,,youngti01
606,Dmitry Yushkevich,1993,2003,4,215,17,63,80,7,212,11,5,1,4,56,5,2,387,4.4,326,06:05:00 PM,yushkdm01
607,Zarley Zalapski,2000,2000,1,12,0,2,2,0,6,0,0,0,0,2,0,0,6,0,170,02:12:00 PM,zalapza01
608,Yegor Zamula,2021,2024,4,54,3,9,12,9,26,2,1,0,1,8,0,1,42,7.1,825,03:16:00 PM,zamulye01
609,Larry Zeidel,1968,1969,2,66,1,10,11,9,74,1,0,0,1,8,2,0,37,2.7,,,zeidela01
610,Valeri Zelepukin,1999,2000,2,151,27,30,57,-3,103,25,2,0,8,19,11,0,254,10.6,2203,02:35:00 PM,zelepva01
611,Jason Zent,1999,1999,1,2,0,0,0,0,0,0,0,0,0,0,0,0,1,0,6,02:58:00 AM,zentja01
612,Rob Zettler,1994,1995,2,65,0,5,5,-22,103,0,0,0,0,5,0,0,44,0,,,zettlro01
613,Peter Zezel,1985,1989,5,310,91,169,260,67,230,57,32,2,14,110,55,4,587,15.5,,,zezelpe01
614,Alexei Zhamnov,2004,2004,1,20,5,13,18,7,14,5,0,0,0,9,3,1,33,15.2,371,06:32:00 PM,zhamnal01
615,Nikolai Zherdev,2011,2011,1,56,16,6,22,5,22,15,1,0,1,4,2,0,135,11.9,720,12:51:00 PM,zherdni01
616,Alexei Zhitnik,2007,2007,1,31,3,10,13,-16,38,2,1,0,0,4,5,1,61,4.9,791,25:30:00,zhitnal01
617,Harry Zolnierczyk,2012,2013,2,44,3,4,7,-11,71,3,0,0,0,4,0,0,53,5.7,337,07:39:00 AM,zolniha01
618,Dainius Zubrus,1997,1999,3,200,19,43,62,27,89,16,2,1,7,38,5,0,221,8.6,1753,27:49:00,zubruda01
